{
  "architecture": "ensemble_judge",
  "accuracy": 0.86,
  "macro_f1": 0.8600247806870641,
  "weighted_f1": 0.860024780687064,
  "abstain_rate": 0.0,
  "effective_accuracy": 0.86,
  "classification_report": {
    "Anxiety": {
      "precision": 0.9230769230769231,
      "recall": 0.96,
      "f1-score": 0.9411764705882353,
      "support": 25.0
    },
    "Depression": {
      "precision": 0.75,
      "recall": 0.84,
      "f1-score": 0.7924528301886793,
      "support": 25.0
    },
    "Normal": {
      "precision": 0.9166666666666666,
      "recall": 0.88,
      "f1-score": 0.8979591836734694,
      "support": 25.0
    },
    "Suicidal": {
      "precision": 0.8636363636363636,
      "recall": 0.76,
      "f1-score": 0.8085106382978723,
      "support": 25.0
    },
    "accuracy": 0.86,
    "macro avg": {
      "precision": 0.8633449883449884,
      "recall": 0.8599999999999999,
      "f1-score": 0.8600247806870641,
      "support": 100.0
    },
    "weighted avg": {
      "precision": 0.8633449883449884,
      "recall": 0.86,
      "f1-score": 0.860024780687064,
      "support": 100.0
    }
  },
  "confusion_matrix": [
    [
      24,
      1,
      0,
      0
    ],
    [
      2,
      21,
      1,
      1
    ],
    [
      0,
      1,
      22,
      2
    ],
    [
      0,
      5,
      1,
      19
    ]
  ],
  "labels": [
    "Anxiety",
    "Depression",
    "Normal",
    "Suicidal"
  ],
  "test_label_distribution": {
    "Suicidal": 25,
    "Normal": 25,
    "Depression": 25,
    "Anxiety": 25
  }
}